component	source_inside_executable	bytes	sha256	file_version	authenticode_status	signer_subject	signer_thumbprint
CPython 3.8.10 embeddable distribution	_asyncio.pyd	64688	6e25aa5931f175b971dfd05aab7a24cef29edd8f4b524341c414d0577c07a200	3.8.10	Valid	CN=Python Software Foundation, O=Python Software Foundation, L=Wolfeboro, S=New Hampshire, C=US	C91DCECB3A92A17B063059200B20F5CE251B5A95
CPython 3.8.10 embeddable distribution	_bz2.pyd	87216	ce4ef8ed1e72c1d3a6082d500a17a009eb6e8ed15022bf3b68a22291858feced	3.8.10	Valid	CN=Python Software Foundation, O=Python Software Foundation, L=Wolfeboro, S=New Hampshire, C=US	C91DCECB3A92A17B063059200B20F5CE251B5A95
CPython 3.8.10 embeddable distribution	_ctypes.pyd	127152	820e840759eed12e19f3c485fd819b065b49d9dc704ae3599a63077416d63324	3.8.10	Valid	CN=Python Software Foundation, O=Python Software Foundation, L=Wolfeboro, S=New Hampshire, C=US	C91DCECB3A92A17B063059200B20F5CE251B5A95
CPython 3.8.10 embeddable distribution	_decimal.pyd	268976	30eea56a4d1dd78f9d65fcb6168ab189cfa8098c38aad47ee770756a056749ca	3.8.10	Valid	CN=Python Software Foundation, O=Python Software Foundation, L=Wolfeboro, S=New Hampshire, C=US	C91DCECB3A92A17B063059200B20F5CE251B5A95
CPython 3.8.10 embeddable distribution	_elementtree.pyd	179888	00d68d3879ab410601e7e8fb2348d4995cec2ee78b3a07ea59520d35f9953bb4	3.8.10	Valid	CN=Python Software Foundation, O=Python Software Foundation, L=Wolfeboro, S=New Hampshire, C=US	C91DCECB3A92A17B063059200B20F5CE251B5A95
CPython 3.8.10 embeddable distribution	_hashlib.pyd	47280	a30cf1a40e0b09610e34be187f1396ac5a44dcfb27bc7ff9b450d1318b694c1b	3.8.10	Valid	CN=Python Software Foundation, O=Python Software Foundation, L=Wolfeboro, S=New Hampshire, C=US	C91DCECB3A92A17B063059200B20F5CE251B5A95
CPython 3.8.10 embeddable distribution	_lzma.pyd	163504	9209ccc60115727b192bf7771551040ca6fdd50f9bf8c3d2eacbfd424e8245e4	3.8.10	Valid	CN=Python Software Foundation, O=Python Software Foundation, L=Wolfeboro, S=New Hampshire, C=US	C91DCECB3A92A17B063059200B20F5CE251B5A95
CPython 3.8.10 embeddable distribution	_multiprocessing.pyd	30384	54c28dcf2f2a72fc854f49c76fb021bbf2b53675fe5b5ed021c61efe9467197b	3.8.10	Valid	CN=Python Software Foundation, O=Python Software Foundation, L=Wolfeboro, S=New Hampshire, C=US	C91DCECB3A92A17B063059200B20F5CE251B5A95
CPython 3.8.10 embeddable distribution	_overlapped.pyd	46768	5f92c163b9fe6abb0f8b106a972f6a86f84271b2e32c67f95737387c85719837	3.8.10	Valid	CN=Python Software Foundation, O=Python Software Foundation, L=Wolfeboro, S=New Hampshire, C=US	C91DCECB3A92A17B063059200B20F5CE251B5A95
CPython 3.8.10 embeddable distribution	_queue.pyd	29360	67e4e888559ea2c62ff267b58d7a7e95c2ec361703b5aa232aa8b2a1f96a2051	3.8.10	Valid	CN=Python Software Foundation, O=Python Software Foundation, L=Wolfeboro, S=New Hampshire, C=US	C91DCECB3A92A17B063059200B20F5CE251B5A95
CPython 3.8.10 embeddable distribution	_socket.pyd	80048	87832a3b89e2ada8f704a8f066013660d591d9ce01ce901cc57a3b973f0858ba	3.8.10	Valid	CN=Python Software Foundation, O=Python Software Foundation, L=Wolfeboro, S=New Hampshire, C=US	C91DCECB3A92A17B063059200B20F5CE251B5A95
CPython 3.8.10 embeddable distribution	_ssl.pyd	155824	0a721fc230eca278a69a2006e13dfa00e698274281378d4df35227e1f68ea3e0	3.8.10	Valid	CN=Python Software Foundation, O=Python Software Foundation, L=Wolfeboro, S=New Hampshire, C=US	C91DCECB3A92A17B063059200B20F5CE251B5A95
Microsoft Universal CRT 10.0.17134.12	api-ms-win-core-console-l1-1-0.dll	10984	81310fd7aaf3a8a280e6efddecd5a682c871fc6f5595a3ba131c9e60b58c80e1	10.0.17134.12 (WinBuild.160101.0800)	Valid	CN="Eclipse.org Foundation, Inc.", O="Eclipse.org Foundation, Inc.", L=Ottawa, S=Ontario, C=CA	78D53D67B05B47CE95E73A3D98EBC8B791860023
Microsoft Universal CRT 10.0.17134.12	api-ms-win-core-datetime-l1-1-0.dll	10472	0d9125cc84892ef961f33f316139e027095e325d540a98d5cd8099633d31b368	10.0.17134.12 (WinBuild.160101.0800)	Valid	CN="Eclipse.org Foundation, Inc.", O="Eclipse.org Foundation, Inc.", L=Ottawa, S=Ontario, C=CA	78D53D67B05B47CE95E73A3D98EBC8B791860023
Microsoft Universal CRT 10.0.17134.12	api-ms-win-core-debug-l1-1-0.dll	10472	305ce445fa2e3bbd9aca3f1a31ca8c805daec293cc79bcd20b39ea5ae5b9989d	10.0.17134.12 (WinBuild.160101.0800)	Valid	CN="Eclipse.org Foundation, Inc.", O="Eclipse.org Foundation, Inc.", L=Ottawa, S=Ontario, C=CA	78D53D67B05B47CE95E73A3D98EBC8B791860023
Microsoft Universal CRT 10.0.17134.12	api-ms-win-core-errorhandling-l1-1-0.dll	10472	6e6c39c29890949d9857190c608ba8e4a195b8dc656d8616322e27a9d268fa49	10.0.17134.12 (WinBuild.160101.0800)	Valid	CN="Eclipse.org Foundation, Inc.", O="Eclipse.org Foundation, Inc.", L=Ottawa, S=Ontario, C=CA	78D53D67B05B47CE95E73A3D98EBC8B791860023
Microsoft Universal CRT 10.0.17134.12	api-ms-win-core-file-l1-1-0.dll	14056	34b41b7160bf5fe3d46b95f51399de8666c5ab32b064e7d57d7771fd51aa0ce2	10.0.17134.12 (WinBuild.160101.0800)	Valid	CN="Eclipse.org Foundation, Inc.", O="Eclipse.org Foundation, Inc.", L=Ottawa, S=Ontario, C=CA	78D53D67B05B47CE95E73A3D98EBC8B791860023
Microsoft Universal CRT 10.0.17134.12	api-ms-win-core-file-l1-2-0.dll	10472	11f046a0bd6ea6bbae9355e7b3f6ca42adae2a5c7f41f30fcb497baec80d69ad	10.0.17134.12 (WinBuild.160101.0800)	Valid	CN="Eclipse.org Foundation, Inc.", O="Eclipse.org Foundation, Inc.", L=Ottawa, S=Ontario, C=CA	78D53D67B05B47CE95E73A3D98EBC8B791860023
Microsoft Universal CRT 10.0.17134.12	api-ms-win-core-file-l2-1-0.dll	10472	d56b63aefedc21372a5d75918032e98f3e4c564733d4838a5b442351e32a300b	10.0.17134.12 (WinBuild.160101.0800)	Valid	CN="Eclipse.org Foundation, Inc.", O="Eclipse.org Foundation, Inc.", L=Ottawa, S=Ontario, C=CA	78D53D67B05B47CE95E73A3D98EBC8B791860023
Microsoft Universal CRT 10.0.17134.12	api-ms-win-core-handle-l1-1-0.dll	10472	797f05fb447cdba1078acb66cb7bde7c908f0efba0bc3fd4a54b4daebffaf84b	10.0.17134.12 (WinBuild.160101.0800)	Valid	CN="Eclipse.org Foundation, Inc.", O="Eclipse.org Foundation, Inc.", L=Ottawa, S=Ontario, C=CA	78D53D67B05B47CE95E73A3D98EBC8B791860023
Microsoft Universal CRT 10.0.17134.12	api-ms-win-core-heap-l1-1-0.dll	10984	6dee9c5652e2858fbfdd50c5175127108d227b7e90f575b2e6c33f1c8f5a0976	10.0.17134.12 (WinBuild.160101.0800)	Valid	CN="Eclipse.org Foundation, Inc.", O="Eclipse.org Foundation, Inc.", L=Ottawa, S=Ontario, C=CA	78D53D67B05B47CE95E73A3D98EBC8B791860023
Microsoft Universal CRT 10.0.17134.12	api-ms-win-core-interlocked-l1-1-0.dll	10472	433b60ea4523c5733da468703d14ab8dcce42ef5f2417f9cde2fea3d3c3c977c	10.0.17134.12 (WinBuild.160101.0800)	Valid	CN="Eclipse.org Foundation, Inc.", O="Eclipse.org Foundation, Inc.", L=Ottawa, S=Ontario, C=CA	78D53D67B05B47CE95E73A3D98EBC8B791860023
Microsoft Universal CRT 10.0.17134.12	api-ms-win-core-libraryloader-l1-1-0.dll	11496	406e80902211d987ef0260d9db08821460e0702e90ae47165a727e0ca6b7c325	10.0.17134.12 (WinBuild.160101.0800)	Valid	CN="Eclipse.org Foundation, Inc.", O="Eclipse.org Foundation, Inc.", L=Ottawa, S=Ontario, C=CA	78D53D67B05B47CE95E73A3D98EBC8B791860023
Microsoft Universal CRT 10.0.17134.12	api-ms-win-core-localization-l1-2-0.dll	13032	7c7a3c0d04519d1656a50604b1052850e9d937b6c3e973d564a6b2f9495ae05f	10.0.17134.12 (WinBuild.160101.0800)	Valid	CN="Eclipse.org Foundation, Inc.", O="Eclipse.org Foundation, Inc.", L=Ottawa, S=Ontario, C=CA	78D53D67B05B47CE95E73A3D98EBC8B791860023
Microsoft Universal CRT 10.0.17134.12	api-ms-win-core-memory-l1-1-0.dll	10984	9becf626ccabbcfc9a7b779026644606ec565b08cc9b85d3af09ab5189e8c6f9	10.0.17134.12 (WinBuild.160101.0800)	Valid	CN="Eclipse.org Foundation, Inc.", O="Eclipse.org Foundation, Inc.", L=Ottawa, S=Ontario, C=CA	78D53D67B05B47CE95E73A3D98EBC8B791860023
Microsoft Universal CRT 10.0.17134.12	api-ms-win-core-namedpipe-l1-1-0.dll	10472	c26aae1fe2c56eb26ed1af5bb7cca7cea762e126f4c2e06b6ab39d75a8cb4482	10.0.17134.12 (WinBuild.160101.0800)	Valid	CN="Eclipse.org Foundation, Inc.", O="Eclipse.org Foundation, Inc.", L=Ottawa, S=Ontario, C=CA	78D53D67B05B47CE95E73A3D98EBC8B791860023
Microsoft Universal CRT 10.0.17134.12	api-ms-win-core-processenvironment-l1-1-0.dll	11496	173bbf24f7420db3d1e53e45dd0179b9b152bc6d08f3d46eb9d47a833a46cb0a	10.0.17134.12 (WinBuild.160101.0800)	Valid	CN="Eclipse.org Foundation, Inc.", O="Eclipse.org Foundation, Inc.", L=Ottawa, S=Ontario, C=CA	78D53D67B05B47CE95E73A3D98EBC8B791860023
Microsoft Universal CRT 10.0.17134.12	api-ms-win-core-processthreads-l1-1-0.dll	12520	c1ed94eade0309c4c4f0854f5a972bf76d55393857e45c770e217a996103aa62	10.0.17134.12 (WinBuild.160101.0800)	Valid	CN="Eclipse.org Foundation, Inc.", O="Eclipse.org Foundation, Inc.", L=Ottawa, S=Ontario, C=CA	78D53D67B05B47CE95E73A3D98EBC8B791860023
Microsoft Universal CRT 10.0.17134.12	api-ms-win-core-processthreads-l1-1-1.dll	10984	9e2744bc1f7fa7015881c5edc7f14b031472ca1a08c57c38325cbf7736890be0	10.0.17134.12 (WinBuild.160101.0800)	Valid	CN="Eclipse.org Foundation, Inc.", O="Eclipse.org Foundation, Inc.", L=Ottawa, S=Ontario, C=CA	78D53D67B05B47CE95E73A3D98EBC8B791860023
Microsoft Universal CRT 10.0.17134.12	api-ms-win-core-profile-l1-1-0.dll	9960	5ef9cd62cf2a2b0cb068126d9c680016c9e1f3b738a284325b9796c86af06594	10.0.17134.12 (WinBuild.160101.0800)	Valid	CN="Eclipse.org Foundation, Inc.", O="Eclipse.org Foundation, Inc.", L=Ottawa, S=Ontario, C=CA	78D53D67B05B47CE95E73A3D98EBC8B791860023
Microsoft Universal CRT 10.0.17134.12	api-ms-win-core-rtlsupport-l1-1-0.dll	10984	a50682fdd5a5ae9ceb02c7b9caffdce10e3b38178ebe3e74b6323627fc6d3a89	10.0.17134.12 (WinBuild.160101.0800)	Valid	CN="Eclipse.org Foundation, Inc.", O="Eclipse.org Foundation, Inc.", L=Ottawa, S=Ontario, C=CA	78D53D67B05B47CE95E73A3D98EBC8B791860023
Microsoft Universal CRT 10.0.17134.12	api-ms-win-core-string-l1-1-0.dll	10472	b4c44d1ee830c37ae96b90b0a119b4e137862f45314454a23b81fd3a2399a635	10.0.17134.12 (WinBuild.160101.0800)	Valid	CN="Eclipse.org Foundation, Inc.", O="Eclipse.org Foundation, Inc.", L=Ottawa, S=Ontario, C=CA	78D53D67B05B47CE95E73A3D98EBC8B791860023
Microsoft Universal CRT 10.0.17134.12	api-ms-win-core-synch-l1-1-0.dll	12520	3f554614aba0bf193d101495b88fb5e3e6abc8e8c1f45dcc8053265fbc6b0a8c	10.0.17134.12 (WinBuild.160101.0800)	Valid	CN="Eclipse.org Foundation, Inc.", O="Eclipse.org Foundation, Inc.", L=Ottawa, S=Ontario, C=CA	78D53D67B05B47CE95E73A3D98EBC8B791860023
Microsoft Universal CRT 10.0.17134.12	api-ms-win-core-synch-l1-2-0.dll	10984	0c764d9856bbedd7ea95e3427790fdb0c3c270c1a97fa3e0d085d77bd684537d	10.0.17134.12 (WinBuild.160101.0800)	Valid	CN="Eclipse.org Foundation, Inc.", O="Eclipse.org Foundation, Inc.", L=Ottawa, S=Ontario, C=CA	78D53D67B05B47CE95E73A3D98EBC8B791860023
Microsoft Universal CRT 10.0.17134.12	api-ms-win-core-sysinfo-l1-1-0.dll	11496	dad6738302efa9875f8c929c6c375cf15942a2cd6205b42166cde543f59697fd	10.0.17134.12 (WinBuild.160101.0800)	Valid	CN="Eclipse.org Foundation, Inc.", O="Eclipse.org Foundation, Inc.", L=Ottawa, S=Ontario, C=CA	78D53D67B05B47CE95E73A3D98EBC8B791860023
Microsoft Universal CRT 10.0.17134.12	api-ms-win-core-timezone-l1-1-0.dll	10984	e25a1056beef787a1857541714d3ced677bc29257ddb70643a3f332d7081e24b	10.0.17134.12 (WinBuild.160101.0800)	Valid	CN="Eclipse.org Foundation, Inc.", O="Eclipse.org Foundation, Inc.", L=Ottawa, S=Ontario, C=CA	78D53D67B05B47CE95E73A3D98EBC8B791860023
Microsoft Universal CRT 10.0.17134.12	api-ms-win-core-util-l1-1-0.dll	10472	fcbc8a6d4fcfda1df56188c7415874ac6e163aa5669da8b4dc5817411c7499b0	10.0.17134.12 (WinBuild.160101.0800)	Valid	CN="Eclipse.org Foundation, Inc.", O="Eclipse.org Foundation, Inc.", L=Ottawa, S=Ontario, C=CA	78D53D67B05B47CE95E73A3D98EBC8B791860023
Microsoft Universal CRT 10.0.17134.12	api-ms-win-crt-conio-l1-1-0.dll	11496	8eb4ad287946765485ae35ca7fabb29844293412b01678d7c29d53688db80499	10.0.17134.12 (WinBuild.160101.0800)	Valid	CN="Eclipse.org Foundation, Inc.", O="Eclipse.org Foundation, Inc.", L=Ottawa, S=Ontario, C=CA	78D53D67B05B47CE95E73A3D98EBC8B791860023
Microsoft Universal CRT 10.0.17134.12	api-ms-win-crt-convert-l1-1-0.dll	14568	9818a2278ce39e0ecffa9bd2502fed106f9f2c6acaf801fb7d7df80606abc2ab	10.0.17134.12 (WinBuild.160101.0800)	Valid	CN="Eclipse.org Foundation, Inc.", O="Eclipse.org Foundation, Inc.", L=Ottawa, S=Ontario, C=CA	78D53D67B05B47CE95E73A3D98EBC8B791860023
Microsoft Universal CRT 10.0.17134.12	api-ms-win-crt-environment-l1-1-0.dll	10984	0bfca5c3f717d1373e3faf94dd3d010a6976ae2d57cb35a197c5bbac80724b10	10.0.17134.12 (WinBuild.160101.0800)	Valid	CN="Eclipse.org Foundation, Inc.", O="Eclipse.org Foundation, Inc.", L=Ottawa, S=Ontario, C=CA	78D53D67B05B47CE95E73A3D98EBC8B791860023
Microsoft Universal CRT 10.0.17134.12	api-ms-win-crt-filesystem-l1-1-0.dll	12520	8ec445f97325160b291ca8046c1cba997067e42e4095f724bda9b43ae13bfed7	10.0.17134.12 (WinBuild.160101.0800)	Valid	CN="Eclipse.org Foundation, Inc.", O="Eclipse.org Foundation, Inc.", L=Ottawa, S=Ontario, C=CA	78D53D67B05B47CE95E73A3D98EBC8B791860023
Microsoft Universal CRT 10.0.17134.12	api-ms-win-crt-heap-l1-1-0.dll	11496	da3fcc1283339ddd4504e48a63f75e4f8ac8f30ce48384e7c643b80b372bfcd6	10.0.17134.12 (WinBuild.160101.0800)	Valid	CN="Eclipse.org Foundation, Inc.", O="Eclipse.org Foundation, Inc.", L=Ottawa, S=Ontario, C=CA	78D53D67B05B47CE95E73A3D98EBC8B791860023
Microsoft Universal CRT 10.0.17134.12	api-ms-win-crt-locale-l1-1-0.dll	10984	25420d595989c800fe5f274aebf32e74f2e670e1d08bc5336ed67de9e1b1d62c	10.0.17134.12 (WinBuild.160101.0800)	Valid	CN="Eclipse.org Foundation, Inc.", O="Eclipse.org Foundation, Inc.", L=Ottawa, S=Ontario, C=CA	78D53D67B05B47CE95E73A3D98EBC8B791860023
Microsoft Universal CRT 10.0.17134.12	api-ms-win-crt-math-l1-1-0.dll	19688	8324e803620d6c7a57d644efb951b5b811d258f85195f71404198456d6a20da6	10.0.17134.12 (WinBuild.160101.0800)	Valid	CN="Eclipse.org Foundation, Inc.", O="Eclipse.org Foundation, Inc.", L=Ottawa, S=Ontario, C=CA	78D53D67B05B47CE95E73A3D98EBC8B791860023
Microsoft Universal CRT 10.0.17134.12	api-ms-win-crt-process-l1-1-0.dll	11496	201b8ed6e586afb1ae44ca4da8d4a923bcf87889a8dea0c0921f995839ec41c0	10.0.17134.12 (WinBuild.160101.0800)	Valid	CN="Eclipse.org Foundation, Inc.", O="Eclipse.org Foundation, Inc.", L=Ottawa, S=Ontario, C=CA	78D53D67B05B47CE95E73A3D98EBC8B791860023
Microsoft Universal CRT 10.0.17134.12	api-ms-win-crt-runtime-l1-1-0.dll	15080	0210604c8dd1e9aa8c2458e2734deff9d77897d7dfce42bc0f28ad62d265bd9b	10.0.17134.12 (WinBuild.160101.0800)	Valid	CN="Eclipse.org Foundation, Inc.", O="Eclipse.org Foundation, Inc.", L=Ottawa, S=Ontario, C=CA	78D53D67B05B47CE95E73A3D98EBC8B791860023
Microsoft Universal CRT 10.0.17134.12	api-ms-win-crt-stdio-l1-1-0.dll	16616	3c4f7104e8257b64b4a856c06dee4ab12e35a5bdfe361b2fc4a04a564454010b	10.0.17134.12 (WinBuild.160101.0800)	Valid	CN="Eclipse.org Foundation, Inc.", O="Eclipse.org Foundation, Inc.", L=Ottawa, S=Ontario, C=CA	78D53D67B05B47CE95E73A3D98EBC8B791860023
Microsoft Universal CRT 10.0.17134.12	api-ms-win-crt-string-l1-1-0.dll	16616	f8bbf236334c083682cd710632005cb6a5a3b60086d05946827eb8ca45e24b8d	10.0.17134.12 (WinBuild.160101.0800)	Valid	CN="Eclipse.org Foundation, Inc.", O="Eclipse.org Foundation, Inc.", L=Ottawa, S=Ontario, C=CA	78D53D67B05B47CE95E73A3D98EBC8B791860023
Microsoft Universal CRT 10.0.17134.12	api-ms-win-crt-time-l1-1-0.dll	13032	5e2f92250a058802b4a72b93226616f390044c6bfe34a04b5533773806f7072e	10.0.17134.12 (WinBuild.160101.0800)	Valid	CN="Eclipse.org Foundation, Inc.", O="Eclipse.org Foundation, Inc.", L=Ottawa, S=Ontario, C=CA	78D53D67B05B47CE95E73A3D98EBC8B791860023
Microsoft Universal CRT 10.0.17134.12	api-ms-win-crt-utility-l1-1-0.dll	10984	8e32928cab5e81b35b232754a5ccf78cc55d6bc8fe362a90ab6d5eab1fe8f5d9	10.0.17134.12 (WinBuild.160101.0800)	Valid	CN="Eclipse.org Foundation, Inc.", O="Eclipse.org Foundation, Inc.", L=Ottawa, S=Ontario, C=CA	78D53D67B05B47CE95E73A3D98EBC8B791860023
CPython 3.8.10 embeddable distribution	base_library.zip	843910	25b9e038ab3ccaafba554e90d5b6198a34e064d5c332a89ffc960fba278deb8a				
binary2strings 0.1.13	binary2strings.cp38-win_amd64.pyd	376832	c8f87d2de53c4146ce708052064e0cf73d6e56336af225fd83dccac05b6526ab		NotSigned		
python-flirt 0.8.10	flirt\flirt.cp38-win_amd64.pyd	424960	f38e6f975b358feaee3aeae97f063824673098d39b174e934f89add061aa43ce		NotSigned		
OpenSSL 1.1.1k	libcrypto-1_1.dll	3406016	296426e7ce11bc3d1cfa9f2aeb42f60c974da4af3b3efbeb0ba40e92e5299fdf	1.1.1k	Valid	CN=Python Software Foundation, O=Python Software Foundation, L=Wolfeboro, S=New Hampshire, C=US	C91DCECB3A92A17B063059200B20F5CE251B5A95
libffi 3.3 / CPython 3.8.10 embeddable distribution	libffi-7.dll	32792	f60dd9f2fcbd495674dfc1555effb710eb081fc7d4cae5fa58c438ab50405081		Valid	CN=Python Software Foundation, O=Python Software Foundation, L=Wolfeboro, S=New Hampshire, C=US	C91DCECB3A92A17B063059200B20F5CE251B5A95
OpenSSL 1.1.1k	libssl-1_1.dll	690368	fddd0da02dcd41786e9aa04ba17ba391ce39dae6b1f54cfa1e2bb55bc753fce9	1.1.1k	Valid	CN=Python Software Foundation, O=Python Software Foundation, L=Wolfeboro, S=New Hampshire, C=US	C91DCECB3A92A17B063059200B20F5CE251B5A95
msgpack 1.0.8	msgpack\_cmsgpack.cp38-win_amd64.pyd	134656	31bbfe73562f4815174ba7ef860088545d411cd4b667cc7594a3f322ea9e8b81		NotSigned		
Microsoft Visual C++ runtime	MSVCP140_CODECVT_IDS.dll	31744	d52d349fbbe6abc61965c07e04cc82d8ee0cea1de7faf90a838964e3f40acedd	14.40.33810.0	Valid	CN=Microsoft Windows Software Compatibility Publisher, O=Microsoft Corporation, L=Redmond, S=Washington, C=US	C7D1B94B5229407F8903132FBCC8ECEC00DAA887
Microsoft Visual C++ runtime	MSVCP140.dll	618728	32e6c8100bd62e7a91f50996c2a59692dc796b6f140a2dfa4de313ca43d4c748	14.16.27033.0 built by: vcwrkspc	Valid	CN="Eclipse.org Foundation, Inc.", O="Eclipse.org Foundation, Inc.", L=Ottawa, S=Ontario, C=CA	78D53D67B05B47CE95E73A3D98EBC8B791860023
pydantic-core 2.23.3	pydantic_core\_pydantic_core.cp38-win_amd64.pyd	5046272	28cd4b7ad94650c7d547d4281a986e2cd61cac9a077f0d0ef5d8a05e6aad490c		NotSigned		
CPython 3.8.10 embeddable distribution	pyexpat.pyd	192176	5caf51f12406bdb980db1361fab79c51be8cac0a2a0071a083adf4d84f423e95	3.8.10	Valid	CN=Python Software Foundation, O=Python Software Foundation, L=Wolfeboro, S=New Hampshire, C=US	C91DCECB3A92A17B063059200B20F5CE251B5A95
CPython 3.8.10 embeddable distribution	python38.dll	4211376	2f3e368f5bcc1dda5e951682008a509751e6395f7328fd0f02c4e1a11f67c128	3.8.10	Valid	CN=Python Software Foundation, O=Python Software Foundation, L=Wolfeboro, S=New Hampshire, C=US	C91DCECB3A92A17B063059200B20F5CE251B5A95
CPython 3.8.10 embeddable distribution	select.pyd	27824	fcc2e09a2355a5546922874fb4cac92ee00a33c0ed6adbc440d128d1e9f4ec28	3.8.10	Valid	CN=Python Software Foundation, O=Python Software Foundation, L=Wolfeboro, S=New Hampshire, C=US	C91DCECB3A92A17B063059200B20F5CE251B5A95
Microsoft Universal CRT 10.0.17134.12	ucrtbase.dll	1008360	81c9b5d54e1b1da192f4a167f7e06439e36c670a99af2f1ef056e0959e85de57	10.0.17134.12 (WinBuild.160101.0800)	Valid	CN="Eclipse.org Foundation, Inc.", O="Eclipse.org Foundation, Inc.", L=Ottawa, S=Ontario, C=CA	78D53D67B05B47CE95E73A3D98EBC8B791860023
CPython 3.8.10 embeddable distribution	unicodedata.pyd	1097904	d8091e62c74e1b2b648086f778c3c41ce01f09661a75ea207d3fea2cf26a8762	3.8.10	Valid	CN=Python Software Foundation, O=Python Software Foundation, L=Wolfeboro, S=New Hampshire, C=US	C91DCECB3A92A17B063059200B20F5CE251B5A95
Microsoft Visual C++ runtime	VCRUNTIME140_1.dll	36728	b1d3b6b3cdeb5b7b8187767cd86100b76233e7bbb9acf56c64f8288f34b269ca	14.28.29914.0 built by: vcwrkspc	Valid	CN=Microsoft Corporation, O=Microsoft Corporation, L=Redmond, S=Washington, C=US	ABDCA79AF9DD48A0EA702AD45260B3C03093FB4B
Microsoft Visual C++ runtime	VCRUNTIME140.dll	96120	6a0850419432735a98e56857d5cfce97e9d58a947a9863ca6afadd1c7bcab27c	14.28.29914.0 built by: vcwrkspc	Valid	CN=Microsoft Corporation, O=Microsoft Corporation, L=Redmond, S=Washington, C=US	ABDCA79AF9DD48A0EA702AD45260B3C03093FB4B
